{"cameraMode":{"drawMode":0,"name":"Shaded","section":"Shading Mode"},"sceneLighting":false,"audioPlay":false,"sceneViewState":{"m_AlwaysRefresh":false,"showFog":true,"showSkybox":false,"showFlares":true,"showImageEffects":true,"showParticleSystems":true,"showVisualEffectGraphs":true,"m_FxEnabled":true},"in2DMode":false,"pivot":{"x":-8.547898292541504,"y":-23.333877563476564,"z":-10.579706192016602},"rotation":{"x":-0.09823553264141083,"y":0.8991305232048035,"z":-0.33567702770233157,"w":-0.26312926411628725},"size":31.834598541259767,"orthographic":false}