{"cameraMode":{"drawMode":0,"name":"Shaded","section":"Shading Mode"},"sceneLighting":false,"audioPlay":false,"sceneViewState":{"m_AlwaysRefresh":false,"showFog":true,"showSkybox":false,"showFlares":true,"showImageEffects":true,"showParticleSystems":true,"showVisualEffectGraphs":true,"m_FxEnabled":true},"in2DMode":false,"pivot":{"x":8.145696640014649,"y":-17.109840393066408,"z":20.213043212890626},"rotation":{"x":-0.2899570167064667,"y":-0.028137903660535814,"z":0.008520001545548439,"w":-0.9565953612327576},"size":45.71337127685547,"orthographic":false}