{"cameraMode":{"drawMode":0,"name":"Shaded","section":"Shading Mode"},"sceneLighting":false,"audioPlay":false,"sceneViewState":{"m_AlwaysRefresh":false,"showFog":true,"showSkybox":false,"showFlares":true,"showImageEffects":true,"showParticleSystems":true,"showVisualEffectGraphs":true,"m_FxEnabled":true},"in2DMode":false,"pivot":{"x":10.041341781616211,"y":-245.56930541992188,"z":-153.71902465820313},"rotation":{"x":0.0070490711368620399,"y":0.8874406218528748,"z":-0.4606701731681824,"w":0.01357998512685299},"size":170.16726684570313,"orthographic":false}